CLIENTNUM;Annual_Income;Age;Average_Monthly_Revenue
373678;98000;27.22558052;127.5167373
216593;71500;26.58643588;91.06086715
346368;49100;18.33888801;7.843565109
261066;84000;24.21614566;96.20609696
788167;58000;21.26774091;32.92030693
941857;55300;18.25656461;23.94117173
527058;130100;33.9318514;218.9566656
732645;99600;22.84353403;164.1703509
156841;55100;21.29945199;68.64796822
376995;106500;32.47890669;153.7709658
697739;55700;18.95418808;34.25481156
115388;67400;56.2300863;36.87546695
632660;78600;23.10765733;145.8091885
281453;64700;59.8682669;42.68979854
516319;95700;26.32240081;137.9132797
586908;73200;24.14055212;91.07097228
897056;122500;24.61781422;176.894212
561006;124700;31.91334528;206.5740957
873933;56700;20.98657782;47.61133044
725055;75400;22.82282044;112.4227595
460768;51900;22.60956705;35.49255946
435877;135500;31.93253602;215.2810474
305744;155500;26.65757069;281.8427737
192846;47700;19.15022771;32.2237508
491003;147400;25.12747423;219.954357
346415;77100;22.45719768;154.591853
548257;118800;31.20586868;190.0043694
397197;60200;19.80999849;58.03320788
203867;68300;21.03284257;56.08209079
991201;67200;21.23541063;49.62932938
445916;87200;25.24826356;106.218409
487221;131300;35.02879847;185.3227439
301973;74300;23.07316414;113.1472489
241894;86100;22.25233145;93.19606284
850798;67000;29.83921456;91.4588068
431624;146300;43.70175401;259.6765325
180795;57000;18.63947213;39.69009509
524476;124800;42.88676823;163.4814712
149329;43800;35.90375913;-0.755783181
816905;205500;32.64842879;325.2725072
607473;43500;51.97569929;12.07067036
743010;132600;25.63317748;233.8337659
141110;59100;26.41076859;61.34688019
382092;129500;23.91084713;207.1141985
334106;100500;20.84347272;136.3340354
528220;48600;26.96712891;65.45702479
991560;53500;41.08425975;43.22050946
438650;105200;31.72779197;117.2951558
687725;92700;24.81642974;132.4199775
336620;64600;18.64934458;78.57580191
664113;89500;47.50382566;135.5958311
823794;59300;29.5858949;81.37314859
859997;83900;40.49041675;129.2445933
890519;45900;19.68039639;-2.740555138
988750;56300;31.82927439;55.27581688
500884;57200;36.39181219;80.1917699
331136;48300;36.92421101;7.806779064
178283;123400;22.80584442;210.273085
586945;77100;36.57760265;129.7672276
418065;82800;38.515551;138.9632424
600789;53800;19.31792278;69.6006841
285264;113700;31.14766053;168.3125366
826255;95600;35.2798477;162.5688934
188413;111900;20.86527033;163.0530197
605903;88700;37.82186839;136.0974128
849057;156900;36.23815601;257.7608769
762026;78800;31.29838058;82.01019732
319973;72400;21.36021377;121.0080027
619950;61900;22.48885388;44.70547725
169923;61800;26.62113744;-6.176696466
347768;75400;22.03845114;100.1953316
524424;67200;34.58735186;99.63945818
330141;89700;51.46991009;123.4905684
262223;169300;37.0709954;287.9801634
353005;63000;24.48452249;42.33252528
385205;65700;30.06872913;58.95685466
679043;68200;27.60198836;101.4402261
906036;106900;31.42655675;154.1386057
427991;106700;19.3132917;115.2715508
516271;61000;19.11040345;21.79106676
360044;74800;18.31538203;106.1277533
581012;59700;31.71218357;27.89802087
919437;46700;25.85724081;-2.187845064
534602;114800;28.30134839;144.3940716
840377;43500;36.12834229;1.048531767
740463;75900;36.96356439;150.1221587
166103;115900;25.98739082;163.4774655
205686;38700;21.78941027;31.24559616
574879;140900;29.92387853;229.1934132
327987;162800;40.04051663;300.6737061
634231;83900;33.5814376;89.63417516
346647;104800;42.03824678;103.8534023
381847;76100;31.86532286;114.4592051
289287;79100;50.12118575;52.88955251
331234;46300;40.19121607;41.13707658
157242;54400;18.93580916;86.54872219
109250;129300;21.6508179;203.4480648
407161;39300;31.78914689;52.66968641
787160;130300;33.0372722;222.6650012
771120;90100;42.13685819;109.7276593
592855;67800;36.78148036;125.7502432
979096;94300;22.92080003;156.8274447
543344;40200;27.37204611;-21.95625562
958907;68000;28.36475853;57.56510556
952046;89400;39.33584567;92.41568516
755105;108100;37.41937455;164.3431481
860914;155300;46.72914647;247.2771969
640753;55600;19.3975848;44.10747423
699647;85300;22.96663765;123.3295333
612769;58200;32.48857162;23.40064493
563266;58000;18.49100305;68.58914623
938853;110200;36.9082566;179.2759142
809655;81900;25.26972561;71.22383793
564068;93000;30.77935544;136.1678703
769201;97300;29.53182003;105.2423618
597252;68900;31.22675742;41.3109952
700813;70600;19.02330396;28.51675176
657822;83200;42.85220508;129.752511
637339;103500;45.31013114;94.7914901
715379;216100;55.80892999;445.39156
914394;60700;19.21478385;-14.89539259
522788;89900;23.28293135;116.1867349
851777;68400;23.68550287;43.483641
707463;57400;41.78251204;39.19205872
396393;77200;22.78584227;95.26341261
518362;48300;19.98150074;-1.973758392
308725;117900;42.37936781;192.2605476
700376;104900;25.99898723;130.2470002
931569;64200;43.83251624;59.36126534
854046;60300;35.8457448;29.38159499
925241;72100;32.62893572;65.04489027
877223;95700;54.32306667;151.1461948
975712;52200;30.55788033;23.69130782
991902;121400;42.03723038;188.3047686
681291;77200;28.96301082;95.87406472
937900;46300;25.39879793;-27.3952469
245930;56800;22.85348622;51.14582202
934764;43800;23.28312726;-0.528089775
330875;63100;28.88422362;57.49888927
431062;51200;51.48540529;22.48656293
420487;105900;23.88395184;154.2181805
459763;49600;21.66422421;23.18583775
462619;79600;35.86389326;116.2790009
974006;84300;28.13690255;118.8432831
592486;161500;21.58636128;243.3073311
296591;60300;27.50967596;42.32845667
367727;108600;30.49039181;149.3071162
347562;85600;21.14141313;101.2358543
194415;91600;22.57176817;92.21907693
494032;62300;32.299651;59.67980676
284793;64500;49.76134133;46.82246212
841022;115400;36.34702351;166.010134
789360;116400;38.96956239;169.9248032
607993;92100;32.34240492;140.2539507
982639;126600;34.60022197;169.7526624
530997;81300;39.42550718;129.2219172
367218;44600;48.74577721;3.255898663
573736;108900;27.82748031;200.3642855
815681;77000;31.69286619;40.54069149
828233;99700;32.603017;175.2129287
387850;87800;33.3910812;118.3913375
406059;54400;28.63473075;16.61564139
945491;63200;23.78468516;53.04427542
417918;103700;25.08625906;146.2192285
185237;74500;21.16257333;78.81321341
342872;105800;22.82325626;148.4574676
295814;45900;34.81257978;14.48579774
924381;38400;43.26457964;-19.35466001
330773;61100;44.73825944;35.43276622
563822;66600;19.89812608;68.41725856
914072;92700;37.18314754;112.1509624
623605;102900;22.28945308;150.1206296
860841;88100;29.87537977;140.6373488
151604;63100;18.47090312;63.00333524
405486;87500;27.0883301;133.5948749
137197;112600;19.44627667;124.0992997
463169;36600;19.20556001;-11.50818051
115619;118400;20.08184059;161.1693586
346921;78600;25.42964286;111.7133508
348127;104000;32.59545018;125.2959963
175486;62400;18.72725051;75.21776079
484398;62400;51.12966005;87.8877534
293158;87700;32.69100969;112.8789106
392025;143600;54.6839459;281.2022852
429892;66500;44.16270844;82.94719988
810565;53800;43.74308973;3.518188524
279292;91300;40.48801415;140.4100301
548980;70500;23.07425872;80.29129426
194237;106600;26.9320569;189.1640124
783651;136300;22.57656552;193.2457118
716521;45100;34.54139955;75.31012799
430700;43500;30.0018598;16.03494698
267814;74700;21.59999036;108.7686543
249915;91100;18.89240268;80.01494866
298925;75700;23.17314119;63.44368375
755411;114200;19.4116151;160.0405392
541013;74200;18.19751678;61.90008384
734421;63600;21.39809473;57.56486127
903283;105800;31.17900891;150.7459047
586407;53900;18.16625511;115.4547993
621425;159900;64.9495301;270.068783
435466;92800;25.24273331;93.47935056
344191;72200;28.28536245;46.55862347
691914;41100;23.20732697;48.74922794
799653;138900;38.81594442;229.3672043
371284;83200;29.71738785;103.6986563
357117;47100;22.87345648;17.34398473
560363;135800;27.25558833;201.2989102
332753;83200;33.29786961;60.9054579
751999;93600;26.38373802;166.7963773
418870;41200;24.38665338;-11.98463738
321081;62000;20.22658744;43.01435678
287754;135900;18.58790753;211.8738626
753356;41400;22.40931296;-38.44305364
295921;66200;21.87275642;74.33383698
364893;80100;24.7096585;140.7471161
536328;66700;42.1163438;131.6698253
450425;88800;32.93054768;88.07606855
527672;142000;41.29286839;247.52694
101231;58100;18.73224832;92.4136971
364867;75800;18.60591623;89.86381341
745703;113000;23.99524255;220.2500854
552833;73600;26.86381053;94.22117509
880449;65800;26.2847334;69.12601312
807605;65000;30.32384608;82.24138548
968992;49000;31.20967429;31.06114164
678013;60700;18.27863807;61.85824499
267146;151600;30.69399818;264.3636745
814638;49100;20.06350687;59.54210408
995826;47100;39.15206611;24.87282871
468157;72900;25.66353155;51.54473654
528198;69600;20.87903577;81.86237009
483731;86200;36.71828443;65.2475365
717250;78900;31.69743328;92.4794817
450322;55500;25.12316376;69.82379905
780618;88400;19.66100703;125.5698298
597563;140700;34.67260156;194.7066461
506009;60000;20.10376627;29.5744891
303717;165200;40.73661594;234.3643494
537648;42900;33.38167887;37.11708941
363463;65800;33.40996569;25.11747483
218118;70200;23.77325762;93.70542741
890146;86700;23.85332852;140.8909466
560970;62800;25.20000205;26.5215042
587502;53500;31.18086038;2.034826984
110452;45400;38.02071339;-14.97150717
543213;80000;23.47575957;117.9542984
888364;39300;25.52991971;11.15305911
439697;109600;51.5331519;134.2850465
660835;177700;30.84655601;310.3529613
291816;89400;19.38023178;102.4435182
531351;47100;32.79432397;-25.54568149
293136;77800;22.83249691;89.5610252
496191;135000;37.53800398;215.0158907
939822;122300;41.844165;204.1977331
459532;50500;24.28516624;37.78539511
932819;100200;18.28414965;150.1294546
630507;45900;39.03799218;16.9644209
707725;55000;44.10138422;6.669583236
153042;76500;29.13320756;36.28390434
836659;129300;21.3330657;156.750094
325686;60300;27.40194105;57.0912066
408390;47700;31.74315113;90.66094581
873646;85400;36.12980232;71.7995141
473196;88000;18.48773575;114.3505573
424174;52700;25.57725126;21.81724023
131635;52200;35.47686918;29.7903413
513935;41700;35.65697979;-11.1499278
288075;63300;27.82064231;50.75105279
453430;43400;27.63949928;55.59329526
533946;68500;49.27536208;70.33224679
198287;98100;21.37436163;113.6079334
338116;81800;29.18100666;111.2908403
782498;57800;28.09637546;27.59185832
831523;110700;33.82763921;128.3531666
497879;83500;30.06249545;126.5914267
107211;108500;46.41629292;156.6488754
276046;129100;47.6322508;171.3958731
704367;60900;20.55414064;-1.284183947
167377;37400;23.65747333;-15.65296092
319811;141500;37.32027923;260.7521036
923261;39700;24.6864105;-11.92721208
653395;55100;19.17037593;96.72924745
802337;80500;29.10354699;89.88129715
348481;107200;21.1137469;151.6655007
912803;114600;36.65518782;207.956959
682680;134700;36.18119116;217.4946513
265873;67600;28.61798808;55.20808508
938862;90100;20.52022965;125.1733219
723362;62800;20.98894545;69.85518709
403675;115600;34.30610973;171.4005762
436964;78200;21.17977635;101.5879099
758729;85500;27.50948888;127.4138867
332390;126600;19.38199178;165.9710019
482349;155200;19.11368291;265.4369004
590700;86400;42.06768107;141.8336498
256559;109700;36.58675366;139.7074168
939527;62500;22.98103112;50.10739636
707860;50300;19.45154414;62.38097722
269158;45700;47.10752705;24.09681945
875007;110800;36.91054279;175.556941
300515;44900;25.70034781;53.12001611
617561;64000;26.60477952;79.22056731
876383;94200;45.41809943;128.7159374
633880;83800;40.64247291;118.9842936
903248;101700;23.15658116;91.31982009
742895;83200;21.14423804;59.58481822
371349;77900;21.39649435;68.40708643
399706;142300;30.97823645;218.7252319
181690;90100;22.89164389;74.95538182
592466;91000;25.26772769;124.7838507
727388;133300;22.21903401;204.7223576
482101;108500;23.60410153;123.3320267
486289;79600;36.69083071;95.15002309
419268;39300;30.64572376;84.19711508
185955;130000;49.9495281;179.6034955
831364;42800;18.47915565;32.89584502
403048;49200;19.88407668;46.7818541
487386;158000;44.18187599;296.685605
596624;117900;26.50703065;151.5153539
785850;57200;25.11020515;16.49087527
994681;103200;56.74933235;206.1616695
222208;82100;19.83567859;98.26495721
449112;171200;34.83927251;342.6029228
766625;155600;32.68806897;289.466055
847438;79100;26.44388431;79.52220091
541595;66600;39.18015437;78.60992097
781923;85600;34.78678974;66.28493481
546518;38200;24.24917616;1.206636179
870512;70700;45.83269265;43.90583401
670429;109500;35.07479294;202.757813
202157;44800;45.58642226;-9.586574239
730811;38400;23.29501302;18.57792519
581677;117700;24.98971721;212.7824566
943840;64300;38.68797189;73.17180148
234762;57900;39.99321275;38.90783583
156576;94900;33.86755816;176.3126388
200779;39400;26.39678261;-11.53633039
852264;63000;19.50214099;-4.272836493
755825;59700;24.6332433;-4.848718413
425682;46700;24.30755891;-11.1489351
596716;104200;29.75294666;122.882645
440421;98100;29.80679383;105.5548743
721732;69600;19.22489024;66.8958467
843985;80400;34.4318867;90.31851576
313994;54600;23.59821852;33.65030416
868371;145600;27.91355526;238.35893
711452;83700;23.76472113;108.857805
250006;35300;22.81009845;-12.26587753
901436;126300;21.99312357;223.6513479
882412;67500;33.88990462;93.64192925
844197;61600;25.68701717;103.005012
774478;69600;33.65111234;49.54647198
508033;119900;25.02022927;168.9930436
833204;104300;20.03600166;97.93830454
943903;39700;42.53346035;34.45272045
237495;56200;43.14254049;14.1176566
859188;51300;50.36035563;26.45538381
722446;209900;30.30127996;405.0535482
937075;40100;20.59145422;-11.91556725
464415;45800;25.71463703;48.90343405
993023;45200;40.57006979;11.41399359
109723;75700;34.4847087;109.8262648
380051;56700;55.37281675;44.37438303
821888;82900;19.7028853;82.07509737
148161;128700;22.52244003;203.5311434
186063;96900;23.21972048;111.1942987
206955;92700;30.16926924;109.5389519
385697;132000;58.48212654;224.0954328
549240;57600;27.56068207;28.99782383
570492;76000;24.63631458;101.8144308
726880;120300;29.77526352;194.0989098
185158;69700;23.10093758;102.4415741
882777;41600;26.29290208;-5.853546815
155428;133300;31.47899315;236.5189902
899809;55500;24.21716772;60.39279808
161191;102400;22.44339821;132.2016814
397109;48500;20.69674367;-3.153268335
284635;102900;31.43789624;142.1220506
649598;73300;30.35552144;70.56814281
275050;118300;30.57325631;119.2944052
219817;114500;41.12429281;218.1224089
646094;85500;28.78260862;87.91972485
318852;113100;20.08132007;154.6188272
932360;51000;25.16937401;28.6647761
557875;59100;22.11643603;44.24723659
188414;136400;35.80557478;216.5527156
619240;129000;44.28683291;206.2448258
543086;81400;22.27323061;116.1984889
719214;91800;20.45095009;135.0349552
503806;107700;39.66018748;194.3683753
268246;73200;26.5711603;73.27146603
787856;70900;20.36165981;68.86198362
642802;71400;18.81331936;59.30945739
475762;88900;40.68915089;125.3900272
485120;96900;38.08849573;105.7420252
114960;46200;23.55738725;27.25211252
719716;71800;29.25550214;104.7923571
986531;92400;53.76475002;167.122223
275728;159600;39.67468346;271.4753612
165086;81400;21.18422335;82.49086066
174632;71000;31.92903915;65.28675104
409538;86600;20.51722894;101.6087537
179989;58300;20.45845267;42.49788369
659697;56200;35.2104363;72.5861304
422457;86700;27.33144909;149.2666905
718455;81400;24.73313598;120.7971341
512446;63900;32.71031598;47.77017521
657981;49800;27.98816227;-17.01311523
584612;69500;21.23213787;66.41422264
152479;42900;19.33910498;9.089184339
953084;112400;32.54869068;196.0239072
615152;106200;50.65776151;185.0087379
269658;42100;28.1907198;33.07095713
798428;113800;19.21972869;168.2998424
918210;57700;20.89235393;2.759337062
604131;65700;42.25273211;59.15277129
892251;82100;23.32005492;63.21060838
499674;73500;21.45863933;18.70290503
107252;73400;23.43826356;119.8913827
493078;44900;34.92823873;61.9279059
381708;82300;33.75410769;118.3187945
540586;75300;20.90161813;55.87653285
749900;50200;43.3601399;-2.731546008
989270;43500;23.91455469;30.94987312
335686;92800;39.97560251;79.76319676
389486;115700;21.03821908;170.3331227
815483;69100;25.68405439;128.2006907
139508;42300;36.16248887;-9.826284903
381000;56700;26.63785633;30.2833795
509116;133100;34.87538596;240.8022104
949567;73700;19.30416022;55.71486887
598627;53100;30.60361834;15.03650816
616081;78300;38.19889972;116.0117241
901792;165100;67.21478108;315.9566586
664753;39800;24.56628651;-22.01999238
777423;56300;20.44930216;8.373363752
248449;80600;40.90237513;147.5321142
535409;214400;61.00773957;421.2519186
296759;171400;21.76195797;313.9313943
360806;132600;21.77654126;264.427519
431079;124200;29.46788414;191.010084
708314;89400;33.51852453;114.6062116
379046;114900;26.72607691;123.7573909
506206;66700;20.71504476;93.73618911
221668;54400;25.6908301;78.76673209
952588;72900;36.71241352;22.49654627
334781;121100;43.57264631;209.0399615
371793;97100;42.68865271;206.3730395
117220;38900;28.14818932;-18.520859
750667;64500;35.95311358;66.39680133
483397;64000;38.2877686;74.53880151
546798;55200;19.0259479;68.21561053
949775;80600;36.86102485;107.8356134
830961;41500;32.14516642;-23.42888012
991678;57500;18.68321522;93.94841133
209903;152600;37.97602689;242.2214155
150214;71800;32.42016336;55.03800764
303007;92600;22.19610312;157.5272432
648925;56700;24.00048275;13.2956201
323855;62200;18.48297457;51.82398316
704915;127200;29.08884819;180.1441446
131459;54600;44.79836098;16.18573081
504691;36800;42.3667305;-26.85960906
316253;104200;31.55457783;151.4648317
905942;79500;21.0640739;122.3537331
786771;116200;45.68891438;154.7217818
827691;79900;22.42901155;136.407171
763644;141500;22.62396763;203.608743
929280;76800;26.8352784;108.1788747
761322;110600;22.34953197;179.806443
889984;74600;29.10491154;78.95338953
915818;102000;25.90396109;125.5851063
144165;63800;25.95042785;50.85151917
677189;66800;30.43347221;108.9370508
587137;82600;41.02059199;70.80446189
818856;56500;23.53443461;49.75213144
206421;74900;38.48407013;105.2142632
996701;71100;22.32144542;67.56990587
525670;65500;18.91968475;57.91604212
167214;91100;33.68253588;102.4379481
533586;41300;28.48841326;9.224492938
459734;40100;28.59402003;-49.95515391
563241;108900;37.64010879;147.8170987
231144;213500;54.8540743;390.387213
628893;103800;18.05643618;168.8480815
681412;78600;30.59938572;65.56540828
746120;72600;41.28975002;75.01088312
266691;122000;21.79359361;208.0889473
252282;61700;33.70661955;49.68521973
416920;68100;23.38772858;41.44158512
901405;53800;19.78973027;24.88190454
533185;101300;27.50762546;136.9251202
289107;40900;28.96057069;-0.787372213
944010;142900;38.91449211;235.3116406
254586;41400;21.83763697;39.84473247
609275;59300;21.8194268;57.27203764
162866;68100;61.08841575;88.96845799
280435;44100;35.28973699;-15.71571633
857711;60200;19.64109781;75.8109296
891000;99500;33.22768125;178.0884493
487846;53300;35.28059847;19.19356428
993425;138600;20.08194588;226.1574378
532806;80200;23.43384426;103.4859812
292893;50200;20.07540268;41.15683326
669738;50400;19.0443595;48.61437165
192652;78800;40.43930047;28.89137713
274111;59500;21.43603562;43.43710084
389542;62700;26.79146046;43.88456091
767203;162500;27.2223925;238.9702862
135241;105700;30.33980197;147.9180015
691914;57600;24.25367126;21.92344469
529119;68400;40.89708624;74.17237653
827723;94700;21.26002494;153.8111016
617731;111600;19.48005513;158.718848
222831;88700;22.90349976;101.5051413
640326;64100;25.85843528;40.92591544
599272;139600;33.7141819;202.1152639
500771;48600;31.43351992;49.75841313
311637;37300;34.79160363;17.63704966
596194;39400;32.17991174;-4.249857913
879153;66100;35.32743642;82.97824347
903168;104800;37.54503767;174.5029691
679867;123300;37.464342;197.5587194
156222;71500;31.09355179;104.8055319
484542;101500;23.51416371;107.2934377
385892;49000;23.63192916;53.23071743
160164;70200;45.34330068;115.3609319
373827;57800;32.96714752;35.82672047
452061;49600;46.76394327;20.37499673
682442;87700;26.0711425;113.7692261
735997;120400;36.90718752;210.9644824
212642;52400;33.81979351;35.87126089
261090;62200;19.08379763;72.3195685
709253;82700;29.10329928;145.5061643
712482;52900;35.47994726;2.420934086
764519;53500;21.54350583;61.8901314
753076;69100;25.75085511;79.70263217
231593;67500;29.4535377;68.95831129
862464;76400;24.47579767;72.63492866
753201;69900;19.08730523;79.29270192
326041;82800;21.90379032;112.908998
291245;90400;33.41854292;110.4598582
216995;54700;28.76658262;65.67051553
114232;89900;28.27551944;107.6274092
338809;79200;20.19439878;113.9781828
867141;56800;27.62569678;46.16774183
257072;50300;31.11420753;28.55165388
809713;70400;29.40302667;33.49638315
118830;60300;29.03981056;65.07639534
750305;78100;49.56459569;48.02850999
643498;59600;22.42038519;14.86507981
838285;63500;29.01264316;97.8048123
471561;56400;27.50717002;42.32877796
145280;78200;18.90812482;107.6996945
767209;118300;28.91534695;191.6311451
205677;42200;19.98400686;55.56221653
108686;83700;25.40062926;123.5938104
885019;52800;21.2514889;39.93494668
141543;52500;28.54437571;122.624935
420353;72300;25.81218799;104.3602087
465421;97900;31.74482033;173.086482
835669;49000;25.528796;15.54353284
126952;45000;28.41376029;60.71938963
427277;40900;34.82616309;10.5010729
744901;176100;41.90560902;292.4591907
251959;116600;27.18797589;154.2960169
952333;133800;19.08483589;216.9622936
785853;89600;47.97081243;126.7047806
686327;113000;30.53258263;154.2680512
864794;75300;20.65319558;69.63675232
293033;75000;30.22540549;65.18853255
678595;98100;34.52579239;164.2093076
824394;43000;31.35755327;14.10817692
633005;40200;35.6129745;-20.65414318
600457;95900;35.65032966;130.3256079
789669;66900;27.57464035;38.14861826
643635;65500;23.96885477;67.27802685
492720;171800;27.69049115;283.5465428
805322;135500;30.253787;200.3565566
739895;56600;42.60328702;30.40246496
547553;64500;22.39134363;75.74520285
855537;49300;32.87469136;29.89422451
348933;106300;45.88956386;172.7433009
771323;62400;43.91269528;69.09475863
468123;47300;27.12985687;30.74721666
253381;42200;37.74059773;10.94131899
664066;80700;36.11367729;91.51779545
656362;107500;21.32583606;148.74164
316318;107500;23.8848923;160.4104893
875827;116800;34.01890285;171.4208588
239784;39300;34.09273418;30.43673531
274239;50000;20.99310219;-7.506958315
332970;57800;24.74250512;24.44727836
414619;125500;18.92140775;203.521971
411203;34900;18.8617867;-59.2054916
961922;79900;20.26523124;138.5184948
906280;53200;38.79746534;11.23071852
247195;48200;30.02172713;56.68478687
241338;67300;45.01706976;73.6206112
617577;48700;28.15846033;27.06123886
957566;54400;18.58456653;29.19674382
990608;43300;22.42659617;22.66148902
322780;68400;47.25276082;53.5008389
594264;83400;35.76587164;154.9836826
919349;131400;23.4854243;206.2856272
972840;56900;23.86138746;29.22062974
949508;106100;26.79246701;140.5112919
809452;45000;31.9658565;28.49955625
776526;91900;35.46854962;159.0095294
630875;126700;19.41095728;186.8729133
565644;156200;29.68047179;245.8947394
193278;104300;47.18879871;154.0994148
333592;39900;18.2270128;-5.858510049
150481;90100;29.82099475;119.5397158
580503;82900;18.53343394;64.87685012
832835;63400;30.99438191;61.02520876
784792;92500;29.5678433;87.25076782
517610;79300;32.97026758;40.50193909
563291;71700;27.7332316;72.01555549
547348;78000;20.01881661;102.8305068
163582;63700;24.55617874;76.17220879
400588;62700;29.90182578;46.02606136
980556;45700;21.49042007;21.41017912
547509;48100;26.33287703;35.85927684
856896;71700;22.54205914;84.11423718
220111;72500;21.52142324;69.65060004
653341;94500;30.09640763;107.5051551
891827;61400;26.97986899;67.82993792
259610;71400;41.17597135;87.89891515
362203;139000;32.77268524;212.0939135
864998;86400;27.64156111;110.410579
981899;34700;40.69716981;17.69905981
171263;48300;28.42554943;23.67353176
659366;70900;24.87537872;60.42090817
223530;133500;41.46908495;188.5156387
347344;125000;24.7520968;179.7054073
955342;54000;26.95823708;39.66963815
366995;63800;21.64553252;15.46060215
471078;122700;25.72737593;189.6859297
691796;97700;27.27932364;128.189039
382152;155000;52.24000324;254.9022414
386706;98800;27.28951045;194.017054
729776;51500;48.5692542;13.23970991
989959;87100;19.69305823;120.3978026
475062;63400;19.41483547;84.34744403
198556;113100;21.65784245;198.5460667
952682;96100;33.48448816;151.9045596
224295;86900;25.17716444;102.2131799
378573;79700;25.35680439;101.0049565
726709;119100;30.42795487;190.2658095
357129;106400;35.2444417;132.9513583
487146;52500;36.58572064;55.8340906
908054;70500;31.91954142;67.95362943
890910;93000;27.71031935;89.98741562
873638;63600;21.00204102;97.66228282
418801;81800;36.53844694;68.20699101
635386;60600;23.99555888;40.5907987
161955;85600;18.74626504;114.8260273
280487;67400;21.31325143;44.89319889
669941;147800;35.27752488;214.8523164
902322;106200;43.9449177;97.58299328
247116;89300;34.56785023;129.674712
986164;89200;24.77187586;118.8370078
220944;114100;25.17547929;201.0604448
569171;104300;39.76679638;155.8755806
891488;67600;24.78854887;55.85466144
667815;78100;33.43678795;113.1736586
334798;43700;20.94385938;22.01860795
131468;149400;45.56246989;204.297441
175950;39500;43.11475171;50.66620337
832665;48600;25.23729227;69.19848101
140444;96900;23.77744828;115.9217477
905940;92700;23.77008467;151.4529085
300297;100000;24.12256909;146.0111725
418451;50400;37.17475187;41.43841029
414608;103400;28.41476583;134.785916
654440;70600;32.61738066;55.27430605
811160;48800;28.61000504;14.4378061
551543;51300;22.92066084;57.34624072
305982;78900;26.53912011;35.15929067
383546;46900;21.69427108;20.8723463
411761;157300;23.05184701;327.32899
188201;111500;27.50812816;135.5743013
353244;93300;26.87279997;108.6833003
107055;68300;18.23503397;57.5817527
851784;136000;29.98099559;237.7653648
276495;72100;29.88585292;87.53912092
370468;74700;19.72534032;98.54820686
942284;47600;25.55047084;-14.93765587
578460;50000;25.6234381;24.36732341
130274;60200;22.39090741;-1.69677884
670808;87900;20.87233918;96.54837226
366800;84800;42.56161854;93.63781984
242725;50400;26.85514297;53.9729767
855325;51500;38.56523417;20.51046171
531632;61800;24.38564311;84.89501576
325682;73200;30.43657265;28.64682311
549370;43000;41.81767113;18.30010276
148310;105500;46.5953319;132.1184762
769652;83400;23.67283249;70.24164656
404721;141200;29.6825192;193.4654625
660302;92000;23.06743187;131.3077381
643249;133900;32.46936996;238.3950117
547530;47700;20.09997868;34.55660038
678914;83300;27.43828219;108.4526487
172063;59100;20.68333112;77.14697042
633164;71800;20.79350683;37.87736968
881294;108100;27.51173686;135.8456202
782640;66200;27.49144148;50.91217577
849329;49000;21.01515493;39.52248635
484721;57600;25.80287383;13.33688061
298562;68100;20.5800455;62.54932529
798278;133700;28.3975638;243.801932
617815;69200;32.92785307;69.92315337
141548;76700;43.00552829;36.50227338
132683;97700;33.26308879;137.5899384
365329;49200;41.0125049;31.32945142
687118;53600;30.54042252;45.96825392
638219;57200;35.39145526;45.84808524
979103;60100;21.01471985;39.3073168
499073;60900;21.05111827;-0.963942527
718884;45700;46.17929553;29.37386
148103;87800;27.93784278;127.8157142
811247;174700;23.84508343;283.9740571
668535;89200;28.74217929;119.3431597
234091;72900;32.07505478;32.03741073
855871;56400;39.22321051;15.17554066
946346;46800;42.91065587;-13.64609904
285575;123200;21.7441981;185.8310147
625351;83100;29.84370061;127.1615863
292130;65700;25.27110048;53.10392355
974758;79900;24.4867104;97.35319819
299695;43000;26.48364075;-11.14361795
439013;136200;48.17272694;260.390152
112505;49000;20.27987696;-19.54440421
283499;94000;21.87695898;125.4120617
606211;84000;34.74550065;135.4892126
775377;64500;22.74440011;40.40118033
270411;110400;23.4955104;183.8275386
729207;68500;23.29746169;75.94069932
531573;93600;34.96113724;109.8479837
141250;77900;20.67586822;111.9419282
358610;78000;33.60746886;70.43692577
966369;44500;34.57071246;61.82343453
107348;107800;23.99775865;196.4667115
247307;71300;27.53880363;57.42137176
507567;46000;27.45457531;48.69688416
517952;61400;35.59075438;41.46352145
775989;81700;27.56226848;129.4468485
361438;60400;26.37064737;49.28803252
186116;70900;30.75581152;113.4727633
748291;65000;20.68552958;71.31820381
303386;54300;19.07057577;39.31026321
406995;100100;22.17071917;106.2387191
247509;71000;29.19686091;55.37487671
422204;66200;39.31222185;17.49874873
769268;130900;34.08581653;194.9428259
219576;113800;21.58695743;139.8558662
769486;62800;32.85109975;-7.930444526
445620;53200;31.90100504;52.58005146
771392;61700;26.16222197;66.18218618
826263;94800;28.62557248;136.0198213
482556;64600;18.84464269;65.106712
624148;61200;23.59602195;47.33489031
678625;55000;20.23643878;-25.74278961
729489;53400;39.14185253;61.36392569
416888;81300;28.59042015;80.23183757
983842;50100;18.31950141;46.23438966
370869;53500;37.1281349;36.90875511
893927;45200;25.20505393;28.37685412
373407;59700;47.42278006;77.11515997
383941;76500;37.66489454;63.39361616
215289;106500;37.7652018;145.7878554
410229;54800;28.66250568;52.80862234
759675;68800;42.48476847;76.59485522
251444;73100;41.08763922;60.027765
177386;57800;62.50710607;35.70700382
310836;48700;18.90307548;55.06144466
814123;51800;18.73104144;34.95976832
501791;78800;31.38486344;114.7520442
237679;42200;47.11216048;-6.113043803
545500;58900;19.620349;53.91891621
874378;71400;22.05444241;80.96611953
929828;76100;37.52029821;92.8080793
713325;77200;40.60709224;98.96056334
956515;49800;43.30133866;15.74876348
944679;101900;23.08955889;140.9743199
964526;90000;31.78542652;148.875181
330097;137700;20.85132334;221.0292767
955081;118700;50.16110109;178.9136689
519773;42700;27.99803561;12.77480105
217186;66500;19.11156087;27.13751507
599327;97500;49.0643395;142.3305177
233146;59400;21.01218037;13.9479784
687117;80200;21.19237521;89.24855436
801968;81000;23.79575587;62.14604606
667056;58600;25.33234489;89.93929462
854887;76600;35.00781751;137.036714
282535;50700;36.93707595;17.26733853
230158;61300;21.86254176;58.22473025
318409;51000;29.86043273;66.57830016
975446;70700;31.34543936;35.71896729
884552;123200;32.72562292;179.3981752
561787;64000;23.92405888;52.15890895
654924;81200;23.69551592;98.78028782
734226;114200;33.73491732;187.3294918
803700;133300;33.6142137;183.6912773
212249;85900;19.22435636;119.1283039
503779;115400;42.65487923;184.0288739
485984;71000;27.04754497;20.01266134
239728;169300;27.67385028;301.7325723
722266;44300;18.12705024;41.06054801
113942;77000;25.57072247;76.63991205
163548;63400;50.18675743;83.18416265
142852;150800;44.69894158;284.1933885
271637;89500;35.63113406;96.55545997
227262;111200;25.69819531;140.1851952
183254;54900;37.19856192;44.34561276
726801;111000;33.00804221;183.8106265
774992;86400;28.18354239;96.46513923
764151;63700;19.94435941;86.02058128
717192;44800;26.06950151;29.7666589
929090;75700;29.64949322;74.19151141
632632;92700;26.56348284;131.5508383
459068;85900;29.6504236;124.2103527
543983;69800;32.86166551;68.81115052
300626;88700;33.81568681;115.144717
793083;55100;45.35384547;56.61676263
170905;70700;18.08545344;130.5839384
992004;45300;18.4068057;9.477122227
622408;92100;31.66436928;96.6092651
584179;66300;46.56942928;50.41961889
836641;74600;33.28073961;56.77226088
259555;51800;26.25455065;46.4475601
766485;76900;18.38612363;89.15831862
802701;111300;18.1726513;157.9310357
291373;74900;31.95841933;115.8440526
790448;76400;41.36847068;70.16970127
838134;106000;32.1710289;147.8290013
610699;52000;20.43727727;51.93162941
991579;116600;21.7379628;185.0053801
772081;79100;26.01667417;84.01555099
167285;71400;22.8479532;60.57915924
904380;106200;37.97037896;188.7577978
668390;59400;31.02770317;47.05814217
281962;87700;27.32318833;79.16992585
815233;70800;20.38040324;70.53685413
833665;41000;24.48718222;12.37133819
333407;71800;20.88963515;51.58618421
974246;46300;20.68785318;30.77833729
905289;37900;21.0987422;-31.09772946
218410;65800;37.46744549;78.87342055
774399;48600;30.41193267;40.63824053
830504;142800;52.80047617;262.2339679
888962;97100;19.21704545;124.9938044
826135;126100;48.57666085;135.9944527
936610;84000;32.35326769;57.11915187
278569;100100;57.93040807;155.0909967
905164;60300;42.5545463;76.55301423
798072;80200;42.59735691;142.332879
721146;144000;30.56065711;258.5949259
132811;139600;26.83392154;213.3405064
130540;90500;45.21314221;131.5980736
850898;55700;33.38434291;36.02808336
517392;83500;37.2402238;67.73033325
126567;112600;28.79025294;159.418047
505735;41400;18.37657121;-3.355872413
222981;65700;24.51869051;65.04927828
221879;143000;34.42824439;191.1740229
588740;83800;31.61743763;85.72930003
235123;128500;27.26799516;183.55195
473199;169700;45.33192472;311.1532322
344154;56800;19.1989793;25.37945159
953501;60400;19.62707041;80.65237625
708259;52000;20.70750651;10.8265572
940901;115100;19.40563063;234.9060568
192396;92800;25.91071185;121.4400592
912652;105100;45.41254611;146.1861769
279326;93200;30.38741704;60.97744446
839630;65700;22.60090279;43.13695477
721408;79400;27.06282808;111.4538395
321095;76200;27.08145434;116.8689407
842227;57600;26.44682447;62.78812715
633760;92600;45.96081264;152.0514213
601617;147800;38.85133904;259.0022877
230216;68000;35.61441867;84.94211319
123963;52200;19.0966526;31.29874344
211800;78700;34.56081675;119.2808217
869258;68300;28.98527923;47.61284877
977473;91400;26.2310162;82.37466289
436147;71500;26.29435722;100.5003482
972221;123800;38.13726915;168.7267353
560702;36700;19.08173562;-1.624247128
924912;39600;32.27840845;16.43228721
365778;84200;23.49521858;102.2432371
778486;105500;20.24852454;171.4740894
482431;56600;24.70461298;82.26715433
544225;48800;26.20983197;79.32041575
798809;100100;29.19613263;165.977279
733725;83200;20.73080422;83.04549797
772347;89200;21.02153353;96.90310041
208121;65200;25.82382333;95.52447784
692253;41700;29.44194796;27.31056726
505606;85300;27.21942043;109.2539153
647590;73400;22.62987074;90.23575237
107065;103000;40.43992574;127.6268296
675220;126700;29.9949434;210.0967602
297715;93800;21.09265495;153.60636
547602;127900;40.45007575;157.4407322
163055;85400;30.84707013;89.15588446
961589;156400;28.60977788;288.5210423
904543;37200;28.6131413;-15.04171786
815836;85900;19.38195264;103.8801312
758095;45200;34.74536966;48.2558257
565270;63400;27.00373558;73.4926665
411637;38500;26.75371968;13.91957011
958748;85700;20.43475386;64.31960321
696894;74000;43.29420581;80.63912396
292239;102200;35.6694345;135.4400011
877815;70800;32.90744605;122.2983763
849644;94300;18.67736015;134.3935285
270233;95700;18.01275436;160.5401941
910156;65300;25.04429066;82.7783149
528254;51100;22.35715308;40.40122072
946895;133800;39.88663029;185.0145609
280951;57400;31.81944628;95.65448512
862051;121500;47.25981672;190.1945861
442162;62000;18.06018635;70.65679544
977705;47500;24.87311099;6.77279705
385467;91500;34.27692499;121.1041731
352244;46400;28.12243701;-4.670920031
550456;57600;43.82966126;62.91607156
798208;97100;18.56158375;120.2161066
729367;90300;28.39574994;114.2213807
595538;65900;25.76032958;77.64097062
841700;126800;41.05629045;210.9356599
340078;192300;49.84813405;314.2022597
870243;68000;27.84846821;61.50001789
380119;81900;60.31585885;127.9021929
696557;100000;39.7964046;126.9173597
138594;152500;39.31451294;263.2256781
686344;84600;34.16271603;103.6259566
903058;83300;37.25800127;96.74406748
456499;66400;25.81068423;73.22973649
584565;92600;19.04311811;149.9459986
316010;76100;32.9232614;129.3634453
670592;106900;20.01079174;146.8933766
798004;57400;21.16569314;89.73454507
439303;79700;45.85528066;71.73325234
754962;106800;23.74433298;111.2827383
364044;87900;34.03330478;78.53400724
861189;52100;38.3602396;52.20248575
226844;75800;30.04731888;117.3300033
784535;36700;34.49800668;-20.34975488
227717;73300;26.64306927;83.84971863
797750;52700;20.26796046;32.90259236
702172;46100;25.98766462;27.62321312
639673;40400;30.06397714;11.54561312
806714;115200;22.99766122;174.7419012
655283;135500;37.72185555;202.3066747
584996;73000;27.09988333;71.90263383
291875;57000;18.81647068;13.40985051
173326;150500;37.64990262;269.2964612
660792;65500;26.98254067;39.8647255
864701;115100;39.10472041;185.4294629
829716;47800;41.17715069;-3.541642987
943007;81800;32.69369101;72.48807411
649538;91100;21.15903954;105.819791
184972;57400;25.77765402;49.29072398
173864;95800;24.19703077;132.9731397
570034;51200;29.19292209;69.0006099
128723;123000;40.20276654;188.655797
552172;86300;26.7304133;118.0048993
529434;52100;18.1079671;49.19979182
851014;59600;31.39125651;41.45988176
710161;56400;22.23980386;28.91644102
518211;112200;40.60230122;124.6511756
767803;63100;21.93627128;87.59225905
617264;44400;30.33056601;15.74752738
748597;95300;22.65653708;100.4244405
541897;58600;20.3538342;48.11518657
436278;75500;35.33656123;32.61468327
925747;67900;23.24463317;63.67375759
687334;47000;20.67464919;46.31111998
272801;56400;34.99035948;60.47768069
822087;50500;23.64926935;75.95799725
614757;137700;46.06257248;231.1552837
286722;89800;24.45451194;153.9766325
286571;116000;26.94883047;202.0026173
141219;87000;25.46657684;93.7330321
560668;46800;24.50430695;26.96562029
408401;57500;19.9375043;77.58071792
280432;80500;37.66445298;48.80627798
886177;108100;58.41172809;197.2856885
990743;117000;26.7956474;175.0615704
885902;91300;37.88663173;81.35117271
608879;68500;49.82531153;94.76983777
551948;48200;23.09386124;32.35424758
840170;53400;22.36723157;48.01748743
674420;69700;32.38983014;65.38013544
284814;159300;21.70293263;256.0565399
959325;89800;44.23918121;69.21267402
323060;41000;20.08754698;33.4859038
183612;48300;22.23430587;-6.330708546
988757;87600;23.78136279;119.4021516
887317;111700;45.6894815;187.6129995
569836;88600;39.98773429;89.58374999
547664;68600;25.27886397;82.82380512
760392;134300;24.20514896;245.0731304
948909;50300;28.25679413;33.31438951
274503;82700;33.09204945;106.4891786
458378;89200;29.33861435;90.62809715
591620;80500;49.55057351;85.54502996
303347;109900;27.96404127;143.0139208
240308;47800;39.24081988;37.01733091
705811;93600;23.37088172;100.3936617
224998;63500;18.06968093;25.36974291
220404;79500;29.37512864;86.1974815
172617;119700;18.68167751;195.3035029
782423;65200;18.54323892;104.1276115
908894;71200;52.50121586;55.71902165
207273;56800;27.17644017;37.6177245
586081;46400;25.84828399;11.29638319
444525;67400;45.27973072;85.99232204
661723;81500;30.45968041;98.91743384
843361;104300;20.54541393;110.7218697
534096;60500;23.73955586;72.40620735
531923;58000;29.48288961;68.81256594
965832;47200;23.45797883;26.62182869
670730;133700;47.06535231;206.2322858
100343;141500;27.27470238;234.0266741
673242;64800;25.86657221;39.84385542
618421;66000;24.6041019;64.04663922
744271;38400;22.92630059;-51.78379192
738776;56800;29.1745377;54.03174526
993299;69300;19.12344803;89.77349566
392537;64400;18.45636771;89.50236361
837392;43600;42.20419868;-9.872889599
972722;43900;21.52691805;28.1825314
948336;40600;20.38372863;28.6183702
662152;70600;29.34163193;93.30335654
266969;68900;35.74605445;66.19374311
884899;39400;35.02655651;10.20689013
607910;131800;39.90622922;209.3295308
591094;47500;18.84707432;45.65620056
286528;71900;19.24180648;79.33290159
233643;83900;24.69012309;164.1414836
868280;152900;49.55039854;269.6030157
731244;67400;42.46424222;48.69127908
263876;150100;35.83541877;317.0794579
557763;74800;31.55915277;98.34041335
230708;91400;24.04775723;68.82292737
251612;107500;49.45511085;127.3289831
277057;55600;22.97463467;23.20280148
460905;62800;27.62494991;24.73489262
867777;71800;19.77791735;55.57121614
653476;55500;28.8951007;43.76812205
173169;84900;25.18089794;90.02946124
721401;83800;26.02836248;48.24357587
823977;51800;34.80963379;61.68658998
652969;47100;28.83732337;14.85494142
373222;55900;21.34731617;51.52685811
164847;74100;59.59925523;81.06511039
586858;114300;18.72415083;134.8522992
103050;66400;23.23744558;81.84845883
412751;101200;24.91479842;146.5668945
377965;63800;30.41901606;76.98405425
354885;113000;47.68788857;216.8452273
709241;76600;42.10213229;95.66506338
437730;104800;41.04061023;202.1715101
171483;93700;32.45542568;90.74858141
928061;48200;22.58456468;32.51260536
139891;70300;48.28375872;71.32719923
603053;43700;35.7669709;-25.36530697
111058;113500;44.81567831;178.2236897
363808;47000;43.80126957;30.79937859
845125;111200;20.89071366;127.6804627
353227;75000;37.93136652;109.5472043
871097;81800;24.39658667;82.29261626
638462;97000;25.01347876;109.1206748
600247;61500;35.13122386;48.70586863
519907;73900;31.8983072;108.3410488
659752;68800;45.93331734;77.28654235
264390;46200;44.20091907;14.86184996
830863;161500;39.55323562;310.1813898
768479;63100;34.31442952;31.58995694
689257;84600;30.40926078;101.8358337
749683;96800;72.33902229;127.4969258
535441;79000;24.05644184;105.5284065
574145;72900;45.4759804;75.81201905
458998;39200;20.54777376;2.684049544
513293;53000;24.40281909;31.46225891
141926;64600;23.34897519;30.83671921
935160;71500;29.49526694;110.6557552
585965;65300;34.08386381;83.09006207
200834;92300;51.61221487;109.9109217
595588;39500;31.50321206;-2.008416975
574466;68500;44.85803916;90.81462619
947337;78900;20.55594579;92.93370892
457223;79600;18.30538774;105.6441464
155315;91000;41.07844514;110.4034795
810905;81900;31.79904822;47.4612955
774825;123000;20.61518015;181.0175178
173272;131500;25.31425683;169.3580363
331417;106500;42.54241568;153.2404088
271509;86300;47.37881453;117.8334901
247730;125900;35.39603617;154.0603892
342964;82600;32.64325654;79.27792669
402093;45400;35.81238373;5.708603339
226387;99400;26.8537758;161.6513257
850401;100200;55.19634723;133.1360845
105165;48400;22.37444179;39.21924821
111619;93900;38.91391088;157.3571093
400095;47500;21.29759775;32.30870413
881008;49100;30.65138078;26.15140914
940445;97800;35.49562756;156.4176307
523959;57300;23.72942768;19.48964255
170047;81300;39.39633614;126.6579663
324981;119800;20.11109671;160.1137699
282476;37200;31.98157547;-28.77878984
652641;61400;52.57013066;103.3326452
490878;53600;27.48369469;69.85735834
474145;54900;36.75113608;24.7493208
844215;80400;42.10497549;115.0258026
144982;113100;39.05645562;122.0144192
225950;52500;21.89249847;1.851496866
622810;65700;31.22827642;48.71178469
901342;59600;28.38843411;38.98617387
978512;123300;25.76149783;175.0879163
500190;55200;18.2534202;27.73727503
904888;95500;45.91319012;156.5210545
430508;68900;33.90346737;48.98688295
973620;62800;25.25332281;16.02054851
411907;60900;19.19685584;31.27380653
506868;152600;41.33665391;266.6178225
577713;109500;23.13985876;153.0158437
539239;67100;22.41367622;66.52027867
570600;124300;36.6282333;251.5773921
895302;62300;20.20434069;32.0396206
536267;112600;42.49810141;173.765256
388639;100200;45.79279471;128.626292
780624;49400;28.28042453;28.10845665
723858;124200;20.12956773;199.4103652
365423;73300;34.50046416;109.1894933
821176;53000;24.86171789;46.24343347
860297;63900;18.31507425;51.98201111
335446;110400;20.89490211;124.206964
992890;69200;19.09394862;74.96462353
349110;97500;41.39876484;136.6111142
317211;77300;24.42993363;60.22449728
963087;86100;19.26231278;123.303055
402368;58400;22.52385172;55.01138455
185037;44900;20.96052549;-38.75930248
622769;76600;21.97463642;102.8683788
177780;103400;29.68641727;116.5550061
347845;53700;23.09185077;51.55947089
516718;58300;32.23191279;48.88252108
149403;58300;38.13495387;52.60274422
905322;38800;37.00764292;-3.527429731
659546;60600;34.42251155;54.01634739
489945;80400;25.16066832;149.859533
987507;92800;20.52072359;85.168107
190100;64100;24.24737323;79.68702509
748737;143700;40.96782695;231.8513695
110628;54900;28.81915709;26.20750998
812217;95700;20.95855937;115.0387067
294832;85400;44.03294693;108.3467091
998742;77700;49.62146241;124.9748865
521629;89100;33.05974103;159.1030368
408190;46100;29.31115307;48.21108156
335253;54700;23.92256463;37.47860477
126406;72000;24.77500437;80.78933875
871761;49700;29.00625783;-2.652044888
369404;103000;24.73870951;131.8980309
629140;46200;51.04200372;-23.87265499
698828;76800;42.56269734;78.31686537
420199;43200;31.70623609;-16.47538262
939862;87900;26.03450732;139.0483137
783576;69100;34.57907139;40.45125719
731770;61600;27.10448594;81.72190638
815178;102900;33.28265807;112.6505591
579985;56200;22.34209197;84.64618881
928453;49200;22.07707226;66.12537091
501238;61300;40.62156775;65.64001526
278694;67000;28.95024595;66.47362124
399757;49000;26.73656575;63.09725693
337554;64000;19.23482047;69.47697835
877482;61300;26.60802558;17.27861483
412837;41100;40.04626169;18.74361085
833280;56300;21.60279742;41.9553949
368416;83700;24.72045762;85.90902184
595589;133600;38.28822646;225.4214586
291692;122100;19.89018447;190.5000922
994515;85800;31.65662137;118.7529859
921864;44500;46.46063151;-28.60729765
594659;74500;19.11424586;100.6586315
191754;49400;29.55023946;-13.97726829
398491;39200;29.93441915;5.770284039
320712;60400;44.24894229;60.85939948
417194;122200;46.29829645;171.038338
670047;81600;30.49280292;102.6082386
324615;112900;45.89365052;178.5696658
259458;57600;20.55324397;34.75350381
387335;131400;38.90133621;213.920367
767165;85100;35.82001701;171.7606247
531763;92000;24.43805467;130.0529907
256998;128300;27.15298436;184.1797422
870005;101700;43.74867775;134.5757791
877620;60700;25.89830218;30.44071038
882415;99200;42.23697253;161.9323205
308886;42400;22.70902429;-23.56322342
271388;53300;32.55747977;9.720190499
181193;70200;19.67899436;61.9696793
184153;51100;24.06455672;21.71826507
177018;72600;23.25035717;43.45960661
900309;52300;24.50325457;25.13946741
189970;160700;59.58522481;295.9296683
478028;163200;28.70140116;282.6587215
176497;86100;24.08105767;65.04881751
335055;60300;27.62962384;81.70270903
562506;52700;26.92573443;15.24814575
875359;76400;35.0020691;112.4134411
444729;61500;40.56550335;74.00704722
154996;90200;28.24523043;115.0098614
447518;103800;21.59933233;128.8329019
634611;184400;38.82994667;307.2382782
166924;82700;26.04601763;72.36007605
790811;65100;40.64772005;61.73013824
526977;94600;20.1370731;147.1690312
605967;59400;25.44091766;42.36473144
930463;58400;29.30146436;45.97342527
569706;71400;42.63659754;101.9459681
730517;54800;28.44176091;101.2077428
470251;83000;36.70623782;90.53766695
511664;45000;18.87279595;-6.71847508
724147;89000;30.58423669;90.85246846
300589;118700;19.36877974;186.6334945
310931;82300;19.73175884;85.18957812
847045;82200;30.1659058;90.43926949
912221;116700;29.69588909;140.1544633
211351;107200;27.99739608;125.1634963
635754;85400;30.15406987;23.82836192
267234;71600;23.40059329;115.5421461
309852;46400;29.3535455;11.66755146
939160;68800;20.84136284;77.96556646
177584;151700;30.86809855;273.7367608
841972;90900;30.89245757;126.927247
635570;69700;33.58250632;74.11548302
871106;61500;27.70014562;-9.29936136
799826;46500;22.92006932;20.84206317
166592;39000;33.79582565;10.90998789
206431;52600;23.39069117;60.40101864
523241;100800;20.33268899;151.7252819
286245;74600;29.48427959;59.30185955
622162;36600;37.03785653;-15.08600255
731405;87500;27.94399675;88.35802399
138545;81100;27.90545136;85.84173372
834838;58900;32.26049361;39.31874413
441315;106300;26.12760605;125.57668
156107;64300;34.73801709;53.33939509
381705;47800;26.65034492;51.30839183
113528;112900;35.5993959;220.138677
839808;68300;37.98013479;48.15741254
918854;55400;31.02078248;37.68013503
647800;86600;42.648935;140.4048473
527376;88600;31.75849992;89.99369042
510360;79400;39.21702319;93.36207964
364535;93900;26.9864795;145.9791525
176043;68200;24.54801682;56.34658053
498414;54200;21.79383951;49.18036819
419206;90200;28.26731874;118.1327753
628381;62000;30.49982826;103.7250542
303707;63800;31.15943416;60.80071556
616933;74900;27.16415362;52.95795067
893377;47800;45.56050384;35.75976777
519188;100600;25.84927753;92.60075821
590004;96000;21.2381896;111.8362463
659211;59400;42.29633617;34.76224731
964937;90200;33.21416555;155.5929725
984799;77200;36.13695002;102.0713014
310404;68300;36.20659861;82.39871336
807262;42700;18.68733869;30.83384232
537179;126400;30.84871262;147.5121936
508555;65100;31.69110012;59.79367916
174156;65800;29.80947868;65.57775187
913125;102600;23.53888562;101.5053936
574790;55400;22.63582214;29.89981538
773204;106500;32.19600128;170.1105316
584261;40300;20.35317981;13.38547965
126375;101600;40.97922485;122.0594573
921478;91700;48.51651583;119.9046112
655875;112700;42.71858558;194.244164
795559;80000;21.74586752;98.73945959
847738;60900;31.29467762;57.14417583
456464;54100;33.29671076;87.45216524
494865;88900;21.52122372;145.7286707
280234;93000;49.94149009;99.51029729
126605;63800;19.32785594;53.89063022
263695;77600;20.81015981;82.50819534
426791;74100;23.7755802;61.92418438
299991;67900;27.63778896;74.8764371
822411;51000;26.89653074;43.74865937
771688;60900;30.71723465;48.40145562
237853;72600;38.45275055;55.84388059
854215;76900;37.16792945;76.87483814
676870;46200;31.80959607;20.65155881
151209;59400;42.42992981;42.35745005
799050;90800;19.2946027;148.0212167
104768;108200;32.81745059;167.9484706
675899;50000;18.40435556;33.09581613
613230;126900;54.44823711;168.9061606
233823;62800;23.29287172;37.27132623
961474;56900;29.12675958;24.36024015
468403;58800;22.35327323;73.74973686
853386;61300;19.40453556;73.74200827
763378;90900;19.61338468;141.6568532
787243;77000;20.2017307;104.6686784
991044;52200;43.05012156;54.93509915
839970;95400;38.11668554;148.183505
181163;87300;35.64315777;99.17222524
115830;128900;26.44029948;165.4815154
936392;132600;26.78741769;173.0482386
791098;39400;20.34544044;2.847623477
880577;42400;20.90327948;-36.21934731
608842;49500;23.4564172;-6.515925525
319105;112200;35.92340029;125.2938607
530730;81600;32.15918352;59.79899518
828503;55000;19.04108569;32.99857092
648694;85600;28.01314398;127.0313968
716039;104500;23.03380881;158.6020949
980069;125900;29.00388599;188.5942993
871017;99200;27.10519438;102.1568818
116954;42800;30.12037535;-10.56269055
141191;85900;29.13032018;91.49730513
816888;86600;18.71272415;77.75629559
884542;43100;21.73648032;37.62374074
103093;101400;27.89064946;119.4480721
657302;67500;39.40826137;74.2474078
569493;78700;20.98149743;111.6210752
830911;109600;22.37692683;150.4452998
237037;58800;24.6295996;57.27898046
756008;58700;40.43904207;56.62786021
710782;112000;18.41175668;144.428858
277384;50000;20.64944641;27.99209278
190061;127400;37.21847853;175.6613449
857567;86300;31.63809908;133.3271698
881407;121700;36.31963563;182.9152837
914020;125800;23.65194513;154.4820362
314562;100600;39.23371809;142.573476
786658;53800;25.12013994;18.97321205
566026;111400;31.11789552;163.1178263
278925;125400;34.68476956;215.3187043
187641;110900;31.38659607;170.6103959
277188;48100;26.05251836;6.474076663
154308;108100;33.78198726;140.8519377
173220;53800;33.06125206;61.75842868
410925;72900;32.14993463;66.34603847
773925;65200;20.17079126;52.60222604
207689;81500;26.63813454;109.8611019
353195;75500;60.54278471;127.2485157
593560;98100;29.32177018;121.7104432
161774;113700;28.11635586;148.8605604
903015;69600;19.17227542;66.43852878
653634;87400;31.34896332;115.3241177
872494;68800;24.7033836;70.92060623
482088;161600;31.22112748;289.0117499
642093;100500;19.21436537;146.5815823
670320;90700;28.12981601;128.9527769
848372;41500;43.23241992;15.06452868
834912;66200;18.07482242;65.51104823
530506;38700;27.46038331;-13.75287217
785353;114700;26.99145861;150.5619766
171097;56000;42.53124776;33.56391588
542671;155600;26.81912726;274.0986528
715958;73600;18.40658641;62.32051762
863276;95800;18.53366664;161.5719492
741092;54600;29.58176965;4.137600102
334296;45600;34.26958479;10.10378757
465629;53400;37.7532804;69.04988768
642046;79700;20.36187373;71.38555707
253258;80000;26.43564007;100.4034082
967198;50200;19.5501201;39.22570178
839460;198200;32.08451612;343.4437205
785924;110200;22.09635985;110.4244129
437136;74800;19.72805802;113.9863881
988498;41000;51.92620833;58.43385864
500515;58400;36.5664735;19.84709208
228682;97800;44.08429901;96.76717692
381484;61800;18.81513633;65.27492335
211516;74300;39.90829357;38.66998235
351329;96100;34.84313056;153.0041351
779737;64200;27.04568757;50.59766871
370063;86600;24.7798129;93.54745295
373862;45300;18.10524282;43.65400566
311354;48200;20.26678766;49.224319
981470;62700;23.92894295;36.66923729
113080;38300;31.99393686;-22.58776223
314113;44200;30.27257861;11.29730297
152520;51000;35.07714202;54.66768736
869621;77200;35.68148462;104.4241442
705785;86100;33.44786909;110.7310655
941226;82300;26.0331976;62.51704964
433772;69800;35.79520472;113.8739616
660409;75100;20.31908335;40.68387346
870612;181700;21.81342783;333.5907526
288492;83200;19.85314162;119.917701
544538;56000;42.293132;100.6791561
620689;89400;33.5341231;134.1174827
570510;180900;43.5866602;314.0374625
699498;89500;22.76894224;121.3616473
449300;117300;44.39995741;137.3999102
974862;44800;27.33093365;7.968643543
227331;107900;35.79886317;162.7943607
744808;129000;43.03517851;192.5639969
665332;66400;43.07482103;125.8674663
773390;72500;30.17392828;64.3640741
209024;63900;31.73692909;89.93667976
126259;69000;43.30663443;51.5616649
677551;80100;42.92133218;115.129943
349218;60000;28.25173598;74.95440256
495369;129600;50.04286818;241.595475
235714;107300;27.9480969;209.1398221
713401;109900;33.18251419;174.8652913
510930;65400;30.02494632;79.78542506
788463;68800;39.11005172;78.57309136
358001;69000;31.65977656;105.8887421
863797;79700;29.78333812;89.04899623
299750;91500;21.41020795;131.9565213
401044;160700;49.86719711;271.0043942
975189;54500;57.85184858;11.07071189
564837;89300;27.65028798;118.6528546
622902;37500;43.81692683;4.094822095
942029;86900;23.57167619;117.2056538
675079;45100;22.84934524;45.76123142
298051;52800;39.02730992;38.64598263
797011;42300;31.65488141;-1.07746569
534485;63800;40.23853204;90.77883382
627862;67600;36.56972564;71.99306035
479515;108500;28.32145767;164.5126239
247256;74600;24.33941912;63.18935373
896250;110400;22.0347565;146.2549198
700172;73800;35.65876453;69.20329778
351917;48700;27.75348855;22.20856584
634899;105000;22.59962759;181.8557482
162770;45100;27.06520974;-11.73882375
262712;74600;22.20519385;82.26737389
377461;93600;19.21982505;141.6544104
897822;69600;26.22481714;11.1261232
570916;153200;19.51411114;280.4049847
424090;68100;38.59318772;87.6411545
884793;56700;22.90112783;39.69382097
990842;83200;27.91729687;81.2536668
823657;41500;22.18168827;-18.06078536
214815;74100;32.01835307;133.058398
427643;65600;23.99962586;58.07413122
540569;105100;31.95655577;136.9195191
343719;96300;55.02738067;156.1825588
890456;97300;43.7488925;199.9985751
402618;37900;22.96690125;-20.34760683
188651;106000;36.70279825;163.4670336
612322;76500;38.64228482;61.83598984
553746;92200;40.757563;170.5205814
109259;86900;41.02958923;133.4421395
564716;88100;45.94915426;121.3041335
187883;66200;22.32340152;111.2362587
422380;114600;24.29522335;165.3491479
282221;114600;21.63035115;177.9377633
512856;110900;39.41725157;159.7886432
198309;71000;33.16070708;-13.45858125
828814;60000;20.06594844;78.75141683
963164;47400;34.96716494;14.6466367
990396;41500;27.91965806;-1.287348861
593898;97200;25.84621966;110.9694508
962928;93600;35.98090902;94.84503242
732356;95900;39.35627412;161.8590305
332719;85500;19.11243443;115.3294392
190113;70800;22.28538299;104.1252682
186598;62800;30.98422723;1.705270259
709622;83300;30.99721622;71.47811364
317777;40500;22.94337765;18.56614179
480565;145700;21.00561165;278.4814774
941894;106000;27.29296445;202.3372678
403657;42000;27.31838295;12.18309563
105119;80000;43.82312221;105.3704922
367408;105300;21.64705479;157.7277523
579033;48000;32.53294546;42.05105644
716398;73400;29.63138925;67.87522713
196987;47100;33.39477177;5.617946715
202284;127900;32.60774691;219.4377267
486542;55500;24.69914011;47.7350638
183987;38400;42.3268782;-48.66397573
887900;65000;20.16068583;31.5569549
466563;160900;26.99022318;289.5628835
202078;73000;22.53587138;46.62975683
105962;58700;28.71523974;53.29080144
873471;73800;24.67554284;106.8566123
557439;64600;20.87680777;74.44014595
136769;50400;26.4848404;23.04252058
360524;87900;18.03339201;127.8562341
